fold,galaxy,rho0_true,rho0_pred,error_pct
1,NGC6503,2820718.2326291646,2820718.232629166,4.952582096869358e-14
1,NGC2403,2794914.003345828,2794914.003345828,0.0
2,NGC3198,2432189.296319213,2432189.296319209,1.7231189990483418e-13
2,IC2574,3398157.307060949,3398157.3070609444,1.3703346997508118e-13
3,DDO154,4286071.199576141,4286071.199576141,0.0
4,NGC7331,2051843.77807209,2051843.7780720547,1.7134553598796978e-12
5,NGC5055,2169218.3523404323,2169218.3523404025,1.3738737898626353e-12
